App,Avg_Sentiment,Review_Count
10 Best Foods for You,0.456610836038961,200
104 ÊâæÂ∑•‰Ωú - ÊâæÂ∑•‰Ωú ÊâæÊâìÂ∑• ÊâæÂÖºËÅ∑ Â±•Ê≠∑ÂÅ•Ê™¢ Â±•Ê≠∑Ë®∫ÁôÇÂÆ§,0.3924045634920635,40
11st,0.18594278406778406,39
1800 Contacts - Lens Store,0.31814477362914867,80
1LINE ‚Äì One Line with One Touch,0.18647578463203462,40
2018Emoji Keyboard üòÇ Emoticons Lite -sticker&gif,0.35965277777777777,40
21-Day Meditation Experience,0.25801367845117845,80
"2Date Dating App, Love and matching",0.2662538117519735,40
2GIS: directory & navigator,0.22312904265873015,40
2RedBeans,0.4018941995504495,40
2ndLine - Second Phone Number,0.16896820887445888,40
30 Day Fitness Challenge - Workout at Home,0.25849107687946976,40
365Scores - Live Scores,0.07670454545454546,40
3D Blue Glass Water Keyboard Theme,0,40
3D Color Pixel by Number - Sandbox Art Coloring,0,40
3D Live Neon Weed Launcher,0.028409090909090908,40
4 in a Row,0.056228703703703704,100
4K Wallpapers and Ultra HD Backgrounds,0.040348800505050506,40
591ÊàøÂ±ã‰∫§Êòì-ÁßüÂ±ã„ÄÅ‰∏≠Âè§Â±ã„ÄÅÊñ∞Âª∫Ê°à„ÄÅÂØ¶ÂÉπÁôªÈåÑ„ÄÅÂà•Â¢ÖÈÄèÂ§©„ÄÅÂÖ¨ÂØìÂ•óÊàø„ÄÅÊç∑ÈÅã„ÄÅË≤∑ÊàøË≥£ÊàøË°åÊÉÖ„ÄÅÊàøÂÉπÊàøË≤∏Êü•Ë©¢,0.03029715401785714,40
591ÊàøÂ±ã‰∫§Êòì-È¶ôÊ∏Ø,0.052796052631578945,38
7 Cups: Anxiety & Stress Chat,0.06493402777777778,40
7 Day Food Journal Challenge,0.04261755952380952,40
7 Minute Workout,0.11282638888888888,40
7 Weeks - Habit & Goal Tracker,0.049987047674547674,40
8 Ball Pool,9.139652272915823e-4,300
850 Sports News Digest,0.5292882543547722,40
8fit Workouts & Meal Planner,0.2516210292408209,180
95Live -SG#1 Live Streaming App,0.06727727272727274,80
A Call From Santa Claus!,0.0035248917748917784,80
A Manual of Acupuncture,0,80
A Word A Day,0.02772727272727273,40
A&E - Watch Full Episodes of TV Shows,0.11206281565656566,120
A+ Gallery - Photos & Videos,0.08561411564625851,100
A+ Mobile,0.27685750000000003,100
ABC Kids - Tracing & Phonics,0.3401874098124098,40
ABC News - US & World News,-0.03706660917207793,80
ABC Preschool Free,0.1987243923611111,40
ABCmouse.com,0.16425347222222222,40
AC - Tips & News for Android‚Ñ¢,0.08611448187229437,40
ACE Elite,0.2080410052910053,40
"AD - Nieuws, Sport, Regio & Entertainment",0.07686623049569478,40
ADP Mobile Solutions,0,40
ADW Launcher 2,0,40
AMC Theatres,0.020354166666666666,40
ANA,-0.01756671626984127,40
"AOL - News, Mail & Video",0.0760501443001443,40
AP Mobile - Breaking News,0.17560432333869833,40
APE Weather ( Live Forecast),0.3566666666666667,40
"APUS Launcher - Theme, Wallpaper, Hide Apps",0.34679166666666666,40
ARY NEWS,0.19283901515151516,40
ARY NEWS URDU,0.20691193181818182,40
ASOS,0.2614562251984127,80
ASUS Calling Screen,0.037898358585858584,40
ASUS Cover for ZenFone 2,0.011458333333333333,40
ASUS Gallery,0,40
ASUS Quick Memo,0.0014583333333333332,40
ASUS Sound Recorder,0.20670833333333333,40
ASUS SuperNote,0.11085506854256855,40
"AT&T Navigator: Maps, Traffic",0.05169319993622449,40
AT&T Smart Wi-Fi,0.09477435064935065,40
AT&T Visual Voicemail,0.018734713203463205,40
"AVG Cleaner ‚Äì Speed, Battery & Memory Booster",0.23945575396825397,40
Abs Training-Burn belly fat,0.19567694100604258,40
Account Manager,-0.0722990423205267,40
Accounting App - Zoho Books,0.39818973214285713,80
AccuWeather: Daily Forecast & Live Weather Reports,0.16057864780618686,40
Acorn TV: World-class TV from Britain and Beyond,0.04948357458513709,40
Acorns - Invest Spare Change,0.002916666666666667,80
Acupuncture Assistant,0,34
AdWords Express,0.12177746212121213,80
Ada - Your Health Guide,0.2388143306671627,80
Add Text To Photo,0.19524776034151034,40
Adobe Acrobat Reader,0.13955549668310085,180
Adobe Photoshop Express:Photo Editor Collage Maker,0.09732896148989899,80
Adult Dating - AdultFinder,0,40
Adult Glitter Color by Number Book - Sandbox Pages,0,40
Advanced Task Killer,0.052069320436507936,40
Agar.io,-0.0412095186988937,200
Age Calculator,0.10510642135642136,40
Agoda ‚Äì Hotel Booking Deals,0.4195892857142857,40
Air Traffic,0.16205241026334777,40
AirAsia,-0.05439330808080808,40
AirBrush: Easy Photo Editor,0.08449193722943722,100
Airbnb,0.05580234557522504,120
Airport + Flight Tracker Radar,0.049106646825396824,40
Airway Ex - Intubate. Anesthetize. Train.,0.2154183534564394,40
Akinator,-0.014153945185854364,40
AlReader -any text book reader,0.23941240530303032,40
Alarm Clock,0.15720055465367966,40
Alarm Clock Free,0.13239750874125875,40
Alfred Home Security Camera,0.2531806818181818,40
"AliExpress - Smarter Shopping, Better Living",0.014392704575517076,120
All Email Providers,0.026875,40
All Events in City,0.3142873376623377,40
All Football - Latest News & Videos,0.3456506358225108,40
"All Football GO- Live Score, Games",0.4738636363636364,40
All Language Translator Free,0.2945876623376623,40
All Maths Formulas,0.2925751488095238,40
All Mental disorders,0.16136450171826147,80
All Social Networks,-0.0904487058080808,40
All Video Downloader 2018,0.3252777777777778,40
"All-In-One Toolbox: Cleaner, Booster, App Manager",0.14703430134680134,40
All-in-One Mahjong 3 FREE,0.0125,40
"AllTrails: Hiking, Running & Mountain Bike Trails",0,40
Allegiant,0.0175,40
Allrecipes Dinner Spinner,0.12967478354978354,40
Alto's Adventure,0.034848574099755024,200
Amazon Drive,0.11686427873883928,40
"Amazon FreeTime ‚Äì Kids‚Äô Videos, Books, & TV shows",0.29971797157091273,40
Amazon Kindle,0.054481774676554504,140
Amazon Prime Video,0.02305555555555556,40
Amazon Shopping,0.04550564662593432,180
Amazon for Tablets,0.05056802398989899,40
American Airlines,-0.04065442745911496,80
Amex Mobile,0.15809969336219337,40
Amino: Communities and Chats,0.041640903807574445,40
Amtrak,-0.027577139378478666,40
Anatomy Learning - 3D Atlas,0.2038792049963925,40
Ancestry,0.2521830315538463,40
AndroZip‚Ñ¢ FREE File Manager,0.11439030032467533,40
"Android Auto - Maps, Media, Messaging & Voice",0.22303903565845531,40
Android Messages,0.03852581643255472,80
Anger of stick 5 : zombie,0.003583333333333333,100
Angry Birds 2,0.0016545948264698265,40
Angry Birds Classic,-0.006430339908252331,320
Angry Birds Rio,-0.012650381990969793,120
Animal Jam - Play Wild!,0,40
Animal Planet GO,0.143625,40
Animated Photo Editor,0.255375,40
Anime Avatar Creator: Make Your Own Avatar,0.14151040056173986,40
Anime Manga Coloring Book,0.21659446022727272,40
Anthem Anywhere,-0.07148156791125541,80
Anthem BC Anywhere,-0.09550595238095239,40
"Any.do: To-do list, Calendar, Reminders & Planner",0.1176204914078426,180
Apartment Decorating Ideas,0.006125,40
"Apartment List: Housing, Apt, and Property Rentals",0.2740234375,80
"Apartment, Home Rental Search: Realtor.com Rentals",-0.002333062770562764,40
Apartments & Rentals - Zillow,0.16114542748917748,80
Apartments.com Rental Search,0.06244763483044733,80
Apex Launcher,0.07959956146284271,80
Apk Installer,0.1308939393939394,40
App vault,-0.011427952621922345,80
AppLock,0.005275838744588748,40
AppLock - Fingerprint,0.09972126924001924,40
Apple Daily ËòãÊûúÂãïÊñ∞ËÅû,0.07035115039281706,40
Aprender ingl√©s con Wlingua,0.27973506493506495,80
Archos File Manager,0.08935425685425685,40
Arrow.io,0.07670126488095239,100
Asana: organize team projects,0.12397193640713862,80
Ascape VR: 360¬∞ Virtual Travel,0.06793402777777778,40
Asphalt 8: Airborne,0.003248799829849291,100
Associated Credit Union Mobile,0.3395812251984127,40
Asteroids 3D live wallpaper,0.19648140803325462,40
Atlan3D Navigation: Korea navigator,0.25036577831890333,40
AutoCAD - DWG Viewer & Editor,0.10764107593795094,40
AutoScout24 Switzerland ‚Äì Find your new car,0.15427202380952382,100
Avakin Life - 3D virtual world,0.055792824836899506,100
Aviary Effects: Classic,0.09827310406762137,40
Aviary Stickers: Free Pack,0.060891411135161146,40
Azar,0.06293150444173881,100
Azpen eReader,0.17438616071428573,32
B612 - Beauty & Filter Camera,0.01635642558396465,80
BBC Media Player,-0.01711190025252525,40
BBC News,0.05092449795574796,120
BBC Sport,0.10202813852813852,80
BBM - Free Calls & Messages,0.13512034582713292,40
BBVA Compass Banking,0.14905291273706453,40
BBVA Spain,0.42494570707070706,40
BBW Dating & Curvy Singles Chat- LargeFriends,0.17134343434343435,80
BBW Dating & Plus Size Chat,0.12140318362193363,120
BBWCupid - BBW Dating App,0.12373893972189427,40
BELONG Beating Cancer Together,0.3330537292568543,40
BEST CAR SOUNDS,0.26476391825229034,43
BET NOW - Watch Shows,0.04597926812770563,120
BEYBLADE BURST app,-0.012534656315906315,40
BIG Launcher,0.18498650308025308,40
BLK - Swipe. Match. Chat.,0.30767763519549235,40
BZWBK24 mobile,0.18795746753246753,40
BaBe - Baca Berita,0.07005208333333333,40
BaBe Lite - Baca Berita Hemat Kuota,0.1021875,40
BaBe+ - Berita Indonesia,0.1828125,40
Babbel ‚Äì Learn Languages,0.15665446127946128,120
Babbel ‚Äì Learn Spanish,0.3016299715909091,40
Baby ABC in box! Kids alphabet games for toddlers!,0.2643419913419913,40
Baby Monitor,0.2399451884920635,40
Baby Name Together,0.26453670634920634,40
Baby Panda Care,0.10751183712121212,80
Baby Panda Learns Shapes,0.22897172619047618,40
Baby Panda Musical Genius,0.21067823322510823,40
Baby Panda‚Äôs Juice Shop,0.008124999999999999,40
Baby Sleep: White noise lullabies for newborns,0,40
Baby Tiger Care - My Cute Virtual Pet Friend,0.043916666666666666,40
Baby puzzles,0.06757486635186435,40
"Baca- Berita Terbaru, Informasi, Gosip dan Politik",0.2013622159090909,40
Backgrounds (HD Wallpapers),0.19832381854256856,40
Backgrounds HD (Wallpapers),0.2654069264069264,40
BaconReader for Reddit,0.18817121639325587,40
Bad Piggies,0.006114307929611242,100
Badoo - Free Chat & Dating App,0.1284891774891775,120
Bagan - Myanmar Keyboard,0.23295933526109308,40
Banco Ita√∫,0.07654520652958152,40
Banco do Brasil,0.22347267316017316,40
Bancomer m√≥vil,-0.07185252074314574,40
Banfield Pet Health Tracker,0.08254051373973248,80
Bangla Newspaper ‚Äì Prothom Alo,0.16088541666666667,40
Banjo,0.2250789569805195,40
Bank of America Mobile Banking,0.1440214633580705,40
BankMobile Vibe App,0.20323638167388167,40
Banorte Movil,0.0760491341991342,40
Banque Populaire,0.014544941603535354,40
Barbie Life‚Ñ¢,0.07724116161616161,40
Barbie Magical Fashion,0.06566789265422077,40
Barbie‚Ñ¢ Fashion Closet,0.04677777777777777,80
Barclays US for Android,0.017928003998316497,40
Barcode Scanner,0.35729987373737376,40
Baritastic - Bariatric Tracker,0.41827673686267436,40
Baseball Boy!,0.012272397197141415,40
Basketball FRVR - Shoot the Hoop and Slam Dunk!,0.08965624999999999,40
Basketball Stars,0.012375550290208023,100
Bathroom Decorating Ideas,0.36267578125,40
Battlelands Royale,0.03596151341500848,100
Be A Legend: Soccer,-0.09726558832670719,100
BeSoccer - Soccer Live Score,0.3210916305916306,40
BeWild Free Dating & Chat App,0.16185360212703961,40
Beautiful Design Birthday Cake,0.2432767857142857,40
Beautiful Widgets Free,0.013460700757575758,40
Beautiful Widgets Pro,0.1659619932226889,40
Beauty Camera - Selfie Camera,0.17999429563492064,40
Beauty Makeup Snappy Collage Photo Editor - Lidow,0.01532142857142857,40
Beauty Makeup ‚Äì Photo Makeover,0,40
Beauty Selfie Camera,0,100
BeautyPlus - Easy Photo Editor & Selfie Camera,0.0075,160
Bed Time Fan - White Noise Sleep Sounds,0.01953125,40
Bedroom Decorating Ideas,0,40
Been Together (Ad) - D-day,0,40
Best Buy,0,40
Best Car Wallpapers,-0.003999999999999998,100
Best Fiends - Free Puzzle Game,0.004062499999999999,80
Best New Ringtones 2018 Free üî• For Android‚Ñ¢,0,40
Best Ovulation Tracker Fertility Calendar App Glow,0.0148828125,40
"Best Wallpapers Backgrounds(100,000+ 4K HD)",0.07510732323232323,40
Best Wallpapers QHD,0.4132200148809524,40
"BestCam Selfie-selfie, beauty camera, photo editor",-0.037605952380952365,100
BetterMe: Weight Loss Workouts,0.2703546735382673,40
Betterment,0.14325219763259925,40
BeyondMenu Food Delivery,0.38830555555555557,40
BeyondPod Podcast Manager,0.11245826529001753,40
Bible,0.35259057426948054,100
Big Days - Events Countdown,0.2568723544973545,40
"BigOven Recipes, Meal Planner, Grocery List & More",0.3282224025974026,40
"BiggerCity: Chat for gay bears, chubs & chasers",0.21167546399141793,40
Bike Computer - GPS Cycling Tracker,0.27492894345238095,40
Binaural Beats Meditation,0.35351810515873017,40
Binaural Beats Therapy,0.27618703403078404,40
BioLife Plasma Services,0.1509360119047619,40
Birdays ‚Äì Birthday reminder,0.32879119318181815,40
Birds Sounds Ringtones & Wallpapers,0.3327991452991453,39
Black People Meet Singles Date,0.08726944054998031,80
"Black Wallpaper, AMOLED, Dark Background: Darkify",0,40
Black White Interracial Dating - Interracial Match,0,80
Blackpink as if it's your last,0,40
"Bleacher Report: sports news, scores, & highlights",0,200
"Blendr - Chat, Flirt & Meet",0,80
Blibli.com Belanja Online,0,40
Blidz - Hunt Free Deals On Trending Items!,0,40
Blinkist - Nonfiction Books,0,40
Blitzer.de,0,40
Block Craft 3D: Building Simulator Games For Free,0,80
Block Puzzle,0.024654948083472163,220
Block Puzzle Classic Legend !,0.13581628787878788,80
Blogaway for Android (Blogger),0.1775290404040404,40
Blogger,0.1188695165945166,40
Bloglovin',0.13060369600018037,40
Blood Donor,0.20009091231189446,40
Blood Pressure,0.4338194444444444,40
Blood Pressure Log - MyDiary,0.3250549115005365,40
Blood Pressure(BP) Diary,0.08768325424575425,40
Bloomberg Professional,-0.023352723665223667,40
Bloomberg: Market & Financial News,0.054705447330447333,40
Blossom Blast Saga,0.005143014971139968,40
BluTV,0.17517545995670997,40
Blue CareOnDemand,0,40
BlueJeans for Android,0,40
Bluebird by American Express,0,40
Blur Image Background,0.10249739583333334,40
Blur Image Background Editor (Blur Photo Editor),0.22728219696969698,40
Booking.com Travel Deals,0.01417683531746032,120
Bowmasters,0.059880063113714306,320
Box,0.399750496031746,120
Boxed Wholesale,0.28700849999248434,40
Boys Photo Editor - Six Pack & Men's Suit,0.2693333333333333,40
Brain Waves - Binaural Beats,0.221731488997114,40
Branch,0.264229797979798,40
Brasileir√£o Pro 2018 - S√©rie A e B,0.5508720238095238,40
"Breaking News, Local news, Attacks and Alerts Free",0.14650604603729603,40
Breathing Zone,0,40
Bricks n Balls,0,40
Brightest Flashlight - LED Light,0,40
Brightest Flashlight Free ¬Æ,0.061571428571428576,40
Brightest LED Flashlight,0.1496795634920635,40
Brilliant,0.08457919146825398,80
Brit + Co,0.049249864718614714,40
British Airways,0.11280839002267574,40
Browser 4G,0.28652107007575756,40
Bualuang mBanking,0.003673716329966333,40
Bubble Shooter,0.14147335477022976,260
Bubble Shooter 2,0.03916666666666667,80
Bubble Shooter Genies,0.011997113997113996,40
Bubble Shooter Space,0.11095833333333333,40
Bubble Witch 3 Saga,0.050673125289475734,40
Buienradar - weer,0.07594078881188257,40
Build a Bridge!,0.07598642676767677,100
Bukalapak - Jual Beli Online,0.0070056624922696376,40
BukuBayi - Perkembangan Bayi,0.20485227272727272,40
Burner - Free Phone Number,0.00979513888888889,40
Bus Rush: Subway Edition,0,40
Buscap√© - Ofertas e descontos,0.0353125,40
Business Calendar 2,0.12571319563931257,40
Butterfly Live Wallpaper,0.2731931818181818,40
Buzz Launcher-Smart&Free Theme,0.1812103593331272,40
"BuzzFeed: News, Tasty, Quizzes",0.17687549603174604,80
"B√ÅO M·ªöI - ƒê·ªçc B√°o, Tin T·ª©c 24h",0.09203977272727272,40
C Programming,0.2422000586219336,40
C++ Programming,0.17680594448953824,40
C++ Tutorials,0.47783333333333333,40
CAIXA,-0.07566261724386723,40
CALCU‚Ñ¢ Stylish Calculator Free,0.33496825396825397,40
CATS: Crash Arena Turbo Stars,0.0165032981743591,100
CBS - Full Episodes & Live TV,0,80
CBS News,0,40
"CBS Sports App - Scores, News, Stats & Watch Live",0.09834425166847041,320
CBS Sports Fantasy,0.16773909550045915,80
CDL Practice Test 2018 Edition,0.14467559523809523,40
CIA - Caller ID & Call Blocker,0.07623511904761905,40
"CM Browser - Ad Blocker , Fast Download , Privacy",6.250000000000006e-4,40
CM FILE MANAGER HD,0,40
"CM Flashlight (Compass, SOS)",0.055625,40
"CM Launcher 3D - Theme, Wallpapers, Efficient",0.1271155303030303,40
CM Locker - Security Lockscreen,0.20644688981653267,100
CMB Free Dating App,0.2589344443585515,80
CNBC: Breaking Business News & Live Market Data,0.22912598145318733,40
CNN Breaking US & World News,0.05352469636844637,120
COOKING MAMA Let's Cook!,0.19702987786023501,40
CVS Caremark,0.18711032196969696,40
CW Seed,0.2750124007936508,40
CWT To Go,0.27241369047619046,40
Cache Cleaner-DU Speed Booster (booster & cleaner),0.18103871302308802,40
Caf - Mon Compte,0.0030303030303030303,33
Calculator,0,40
Calculator ++,0,40
"Calculator - free calculator ,multi calculator app",0,38
"Calculator - free calculator, multi calculator app",-0.0037499999999999994,40
Calculator - unit converter,0.004583333333333333,40
Calculator Plus Free,0.008333333333333333,40
Calculator with Percent (Free),0.001598639455782313,40
Calendar Widget Month + Agenda,0.0075000000000000015,40
Calendar+ Schedule Planner App,0.00797676282051282,40
Call Blocker,0.0010489718614718612,80
Call Control - Call Blocker,-0.003125,40
Call Free ‚Äì Free Call,0,40
Call of Duty:Black Ops Zombies,-0.01215896267361111,40
"CallApp: Caller ID, Blocker & Phone Call Recorder",0.00976851851851852,40
Caller ID +,0.008749999999999999,40
Calls & Text by Mo+,0.035,80
Calls Blacklist - Call Blocker,0.009312175324675327,40
"Calm - Meditate, Sleep, Relax",0.2352384132484579,80
Calorie Counter & Diet Tracker,0.2209927747900484,140
Calorie Counter - EasyFit free,0.3219265640395409,40
Calorie Counter - Macros,0.24751868247122885,200
Calorie Counter - MyFitnessPal,0.21234265026618507,259
Calorie Counter - MyNetDiary,0.2612101869360798,200
Calorie Counter by FatSecret,0,200
Camera FV-5,0,40
Camera FV-5 Lite,0,40
Camera MX - Free Photo & Video Camera,0,40
Camera ZOOM FX - FREE,0,40
Camera for Android,0,120
Camera360 Lite - Selfie Camera,0,40
Camera360: Selfie Photo Editor with Funny Sticker,0,120
Camera51 - a smarter camera,0,40
Cameringo Lite. Filters Camera,0.0866552734375,80
Candy Bomb,0.2946628787878788,80
"Candy Camera - selfie, beauty camera, photo editor",0.18551402417027418,120
Candy Crush Jelly Saga,-0.08425510123556998,80
Candy Crush Saga,0.031067865410052912,240
Candy Crush Soda Saga,-0.05263985949405717,180
Candy Day,0.18284114583333333,40
Candy Pop Story,0.042415147569444436,40
Candy Smash,0.15726736111111111,40
"Candy selfie - photo editor, live filter camera",0.3075580357142857,40
"Canva: Poster, banner, card maker & graphic design",0.1945975904882155,40
Canvas Student,0.0125,40
Capital One¬Æ Mobile,0,80
Capitec Remote Banking,0,40
CarMax ‚Äì Cars for Sale: Search Used Car Inventory,0,100
Card Wars - Adventure Time,0,40
Cardboard,0,40
CareZone,0,40
"Carousell: Snap-Sell, Chat-Buy",0,80
Cars: Lightning League,0,40
Cartoon Network App,0,40
Cash App,0,40
"Cash, Inc. Money Clicker Game & Business Adventure",0,40
Castle Clash: Heroes of the Empire US,0,40
Castlight Mobile,0,40
Casual Dating & Adult Singles - Joyride,0,80
Cat Sim Online: Play with Cats,0.11034661696810134,100
Caviar - Food Delivery,0.21194041136814573,40
Chakra Cleansing,0.42473518668831167,40
Championat,0.19844806447410612,40
Chapters: Interactive Stories,0.14159281239966723,40
Chase Mobile,0.04816599670171099,40
"Chat Rooms, Avatars, Date - Galaxy",0.1276985491664768,80
ChatVideo Meet new people,0.21452583874458875,40
Cheap Flights & Hotels momondo,0.17918118686868686,40
Cheap hotel deals and discounts ‚Äî Hotellook,0.25000694444444443,40
"CheapTickets ‚Äì Hotels, Flights & Travel Deals",0.272134021577381,40
Cheapflights ‚Äì Flight Search,0.4113645833333333,40
CheckPoints üèÜ Rewards App,0.27638016323953823,40
Checkers ‚úîÔ∏è,0.058351213023088024,40
Checkout 51: Grocery coupons,0.028271998256373256,120
ChefTap Recipes & Grocery List,0,40
Chefkoch - Rezepte & Kochen,0,40
Chegg Study - Homework Help,0,40
Chess Free,0,40
Chess PRO Free,0,40
Chess School for Beginners,0,40
Chess for Kids - Play & Learn,0,40
Chicago Tribune,0,40
Chick-fil-A,0,120
Chictopia,0,80
Chilindo,0,40
Chime - Mobile Banking,0,40
"Chispa, the Dating App for Latino, Latina Singles",0,80
Choice Hotels,0.07469742063492063,40
Choices: Stories You Play,0.03283644228014632,40
Christian Dating For Free App,0.09312473125441637,80
Chrome Beta,0.22004391384078884,40
Chrome Dev,0.3254485265065622,40
Cinemark Theatres,0.07015540674603175,40
Cisco Webex Meetings,0.10098759920634921,40
Cisco Webex Teams,0.1294181246993747,40
Citi Mobile¬Æ,-0.038730654761904765,40
Citibanamex Movil,0.1463099116161616,40
Citizens Bank Mobile Banking,0.012849578373015874,40
CityMaps2Go Plan Trips Travel Guide Offline Maps,0.31709577922077925,40
Claro,-0.07208184523809523,40
Clash Royale,0.06339401630566403,180
Clash of Clans,0.006738541619866025,180
ClassDojo,0,180
Classic Calculator,0,40
Classical music for baby,0,40
ClearCareGo Caregiver,0,40
ClickMeeting Webinars,0,40
Cloud Print,0,40
Clover Dating App,0,80
"Club Factory Everything, Unbeaten Price",0,40
Clue,0,40
Collage&Add Stickers papelook,0,40
"Color Call - Caller Screen, LED Flash",0,40
Color Flashlight,0.04835416666666667,40
Color Road,-0.05490500025767884,40
Color Touch Effects,0.1099343998015873,40
Color by Number - Draw Sandbox Pixel Art,0.12839184704184703,100
Color by Number ‚Äì New Coloring Book,0.15619211084054835,40
ColorFil - Adult Coloring Book,0.14889719215969216,40
ColorNote Notepad Notes,0.2579339140743398,140
ColorSnap¬Æ Visualizer,0.023781250000000004,40
Colorfit - Drawing & Coloring,0.163244155048383,40
Colorful Glitter Neon Butterfly Keyboard Theme,0.165125,40
Colorfy: Coloring Book for Adults - Free,0.04444563485161381,140
Coloring & Learn,0.3931311553030303,40
Coloring book moana,0.11580459770114943,58
Comedy Central,0.17142376628681777,80
Common Core,-0.0017621559987631439,40
CompTIA A+ Pocket Prep,0,40
CompTIA Exam Training,0,40
Compass,0,40
Comptia A+ 220-901 & 220-902,0.21047791580400277,69
ConnectLine,0.131111047389284,40
Contacts,0.011636274718584982,40
Contacts+,0.39027385403947906,40
Content Transfer,0.16304728178360992,40
ConvertPad - Unit Converter,0.22344972943722943,40
Cookbook Recipes,0.5230292602362915,40
Cooking Channel,0.3549184704184704,40
Cooking Fever,-0.040819605369679594,140
Cooking Madness - A Chef's Restaurant Games,0.012534346608356091,40
Cookpad,0.23169309163059165,40
Cool Popular Ringtones 2018 üî•,0.18313639322916667,40
Cool Reader,0.11004875202922078,40
Couch to 10K Running Trainer,0.33737879109977326,40
Couch to 5K by RunDouble,0.2703932616986188,40
Couchsurfing Travel App,0.24110713834776334,40
Cougar Dating Life : Date Older Women Sugar Mummy,0.31645602453102456,80
Couple - Relationship App,0.08752160144923303,80
Coupon Sherpa,0,40
Coupons.com ‚Äì Grocery Coupons & Cash Back Savings,0,100
Coursera: Online courses,0,80
Cover Fire: offline shooting games for free,0,100
Cozi Family Organizer,0,40
CppDroid - C/C++ IDE,0,40
Crackle - Free TV & Movies,0,120
Crazy Colors: Bubbles Matching,0,40
Create A Superhero HD,0,100
Creative Ideas - DIY & Craft,0,40
Credit Karma,0.11814761002886003,80
Credit Sesame,0.084234016504329,40
CreditWise from Capital One,0.22748157918470419,40
Crew - Free Messaging and Scheduling,0.41733195233585857,80
Cricbuzz - Live Cricket Scores & News,0.09216141323953823,40
Cricket Visual Voicemail,0.0620025918195561,40
Crossy Road,0.19642466612722295,100
Crunchyroll - Everything Anime,0.17751003336940838,120
Current debit card and app made for teens,0.3272583733540765,40
Curriculum vitae App CV Builder Free Resume Maker,0.3740183080808081,40
Curso de Ingles Gratis,0.4624097222222222,40
Cut the Rope 2,0.133447892015392,100
Cut the Rope FULL FREE,0.004573713860544214,80
Cute Pet Puppies,0,40
Cute wallpapers & kawaii backgrounds images,0,40
Cycling - Bike Tracker,0.22009176587301588,40
"Cymera Camera- Photo Editor, Filter,Collage,Layout",0.27262152777777776,120
Czech Public Transport IDOS,0.17575243506493507,40
DC Comics,0.44197797572797576,39
DC Super Hero Girls‚Ñ¢,0.28390767045454546,120
DEAD TARGET: FPS Zombie Apocalypse Survival Games,0.034801177699615195,240
DEER HUNTER 2018,-0.011500000000000002,100
DELISH KITCHEN - ÁÑ°Êñô„É¨„Ç∑„ÉîÂãïÁîª„ÅßÊñôÁêÜ„ÇíÊ•Ω„Åó„Åè„ÉªÁ∞°Âçò„Å´ÔºÅ,0.2420451388888889,40
DINO HUNTER: DEADLY SHORES,0.020527562273405197,100
DIY Garden Ideas,0.3774375,40
DIY On A Budget,0.36965167861652237,40
DMV Permit Practice Test 2018 Edition,0.2513112731266749,40
DRAGON BALL LEGENDS,0.09235966523739342,180
DSLR Camera Hd Ultra Professional,0.07310416666666665,40
DStv Now,0.022565067527958158,40
DU Browser‚ÄîBrowse fast & fun,0.17726609823708037,40
"DU Recorder ‚Äì Screen Recorder, Video Editor, Live",0.1300284117965368,100
DaBang - Rental Homes in Korea,0,40
Daily Mail Online,0,40
Daily Manga - Comic & Webtoon,0,40
Daily Workouts - Exercise Fitness Routine Trainer,0.02,40
Daily Yoga - Yoga Fitness Plans,0.02570176467051467,120
"Dailyhunt (Newshunt) - Latest News, Viral Videos",-0.006614583333333334,40
Dairy Queen,0.014205729166666667,40
Daniel Tiger for Parents,0.020972222222222225,40
DashClock Widget,8.33333333333333e-4,40
Dashlane Free Password Manager,0.008537698412698413,40
"Dating App, Flirt & Chat : W-Match",0.04525,40
Dating for 50 plus Mature Singles ‚Äì FINALLY,0.029097222222222222,80
Daum Mail - Îã§Ïùå Î©îÏùº,0.03325,40
Davis's Drug Guide,-0.0075000000000000015,40
Davis's Drug Guide for Nurses,0.02361111111111111,40
Debonairs Pizza,0.00697916666666667,40
Deep Sleep and Relax Hypnosis,0,40
"Delivery Club‚Äì–î–æ—Å—Ç–∞–≤–∫–∞ –µ–¥—ã:–ø–∏—Ü—Ü–∞,—Å—É—à–∏,–±—É—Ä–≥–µ—Ä,—Å–∞–ª–∞—Ç",0.045460594093406595,40
Delta Dental,-0.08418477182539683,40
Despegar.com Hoteles y Vuelos,0.25713640873015875,40
Detector de Radares Gratis,0.4285853931015221,31
Device Help,0.0891660579004329,40
Diabetes & Diet Tracker,0.3363552624458874,80
Diabetes:M,0.31001870594683095,40
Diamond Zipper Lock Screen,0.13577083333333334,40
Diary with lock,0.20066121936296255,140
Diary with lock password,0.1519787579844398,100
Dice With Buddies‚Ñ¢ Free - The Fun Social Dice Game,0,100
Dictionary - Merriam-Webster,0.04774621212121212,40
Die TK-App ‚Äì alles im Griff,0.11094990079365079,40
Digg,0.03522775974025974,40
DigiCal Calendar Agenda,0.09672230489417989,40
Digit Save Money Automatically,0.17517241612554113,80
Digital Alarm Clock,0.24216203656731,100
Dil Mil,-0.05396007282647908,40
Dino War: Rise of Beasts,0.03991748157596371,40
Dinosaur Simulator: Dino World,-0.004270833333333334,40
Discover Mobile,-0.0010416666666666664,40
Disney Crossy Road,0,40
Disney Heroes: Battle Mode,-2.5000000000000006e-4,40
Disney Magic Kingdoms: Build Your Own Magical Park,0.05112992247088229,80
DisneyNOW ‚Äì TV Shows & Games,0.1606436680259225,80
Divar,0.17421513887278395,40
Do It Later: Tasks & To-Dos,0.1429719215969216,40
Docs To Go‚Ñ¢ Free Office Suite,0.18566170634920637,80
Doctor On Demand,0.3495869295634921,40
Doctor Pets,0.13504166666666667,40
Dog Licks Screen Wallpaper,0.19146275816197691,40
Dog Run - Pet Dog Simulator,0.08340162037037037,120
Dog Sim Online: Raise a Family,0.017529423701298702,40
Dollhouse Decorating Games,0,40
"Dolphin Browser - Fast, Private & Adblocküê¨",0,40
Dolphins Live Wallpaper,0,40
Domino's Pizza USA,0.1385146000556157,80
Dominos Game ‚úîÔ∏è,0.0226351461038961,40
"Domofond –ù–µ–¥–≤–∏–∂–∏–º–æ—Å—Ç—å. –ö—É–ø–∏—Ç—å, —Å–Ω—è—Ç—å –∫–≤–∞—Ä—Ç–∏—Ä—É.",0.1611023947562409,39
Doodle Jump,0.10226700261544011,100
Door Lock Screen,0.5037061011904762,40
DoorDash - Food Delivery,0.07240710302429053,40
Dosecast - Medication Reminder,0.2841920826569264,40
Down Dog: Great Yoga Anywhere,0.2918472637721826,40
Dr. Oetker Rezeptideen,0.2956029135338346,38
Dr. Panda & Toto's Treehouse,0.1622130146329365,80
Dr. Panda Restaurant 3,-0.08284760551948052,40
Dr. Panda Town: Vacation,0.08120625628847064,40
DraftKings - Daily Fantasy Sports,0.2811001984126984,40
Dragon Hills,0.015127694354256852,40
Dragon Sim Online: Be A Dragon,0,100
DramaFever: Stream Asian Drama Shows & Movies,0,40
Draw A Stickman,-0.0015000000000000002,100
Draw In,-0.003354166666666667,40
Draw Your Game,-0.013369791666666665,100
Draw a Stickman: EPIC 2,9.999999999999998e-4,100
Draw.ly - Color by Number Pixel Art Coloring,0,40
Drawing Clothes Fashion Ideas,0,30
Drawing for Kids Learning Games for Toddlers age 3,0.009666666666666667,40
Dream League Soccer 2018,-1.1101662887377594e-5,140
DreamMapper,0,40
DreamTrips,0.3155852610930736,40
DreamWorks Friends,-0.0014751683501683503,80
Dresses Ideas & Fashions +3000,0.4028225806451613,31
Droid Zap by Motorola,-0.04053738275613276,40
DroidAdmin for Android - Advice,0.12302083333333334,40
Dropbox,0.22451399880501444,80
Drugs.com Medication Guide,0.2411697394041144,40
Dude Perfect 2,0.09819797901847979,100
Dumb Ways to Die 2: The Games,0.025167630546536795,40
Dungeon Hunter Champions: Epic Online Action RPG,-0.03425580784955785,40
Dunkin' Donuts,0.18673193329178261,40
Duolingo: Learn Languages Free,0.2004077380952381,240
DuraSpeed,-0.03149071067821067,40
E*TRADE Mobile,0.12261873121091871,40
EMT Review Plus,0,80
EMT Tutor NREMT-B Study Guide,0,40
EMT-B Pocket Prep,0,40
ES File Explorer File Manager,0,80
ESPN,0,240
ESPN Fantasy Sports,0,120
Earn to Die 2,0,140
"Easy - taxi, car, ridesharing",0.13676284271284272,100
Easy Hair Style Design,0.4902037037037037,30
Easy Healthy Recipes,0.4170036045943304,31
Easy Installer - Apps On SD,-0.00888257575757576,40
Easy Makeup Tutorials,0.2537742379148629,40
Easy Origami Ideas,0.08453472222222222,40
Easy Recipes,0.27053819444444444,40
Easy Voice Recorder,0.42494112554112556,40
EasyBib: Citation Generator,0.06824007936507936,40
Eat Fit - Diet and Health Free,0.24504414682539682,90
Eat24 Food Delivery & Takeout,0.17161052142302144,40
EatStreet Food Delivery App,0.35452040494227993,40
"Ebates: Cash Back, Coupons, Rewards & Savings",0.2141177398989899,40
Ebook Reader,0.3339691755726912,40
Ecobank Mobile Banking,-0.014488531144781146,40
Edmodo,0.35363609307359306,40
Educational Games 4 Kids,0.18464154942279942,40
Educational Games for Kids,0.2759007936507936,40
El tiempo de AEMET,0.06562991522366522,40
Elevate - Brain Training Games,0,40
EliteSingles ‚Äì Dating for Single Professionals,0,80
Elmo Calls by Sesame Street,0,80
Email TypeApp - Mail App,0,40
Emmanuella Funny Videos 2018,0,40
"Emoji Keyboard - Cute Emoji,GIF, Sticker, Emoticon",0,40
"Emoji keyboard - Cute Emoticons, GIF, Stickers",0,40
Endless Numbers,0,40
Endomondo - Running & Walking,0,80
English Dictionary - Offline,0,40
English Grammar Complete Handbook,0,40
English Grammar Test,0,40
English Persian Dictionary,0,80
English to Urdu Dictionary,0,40
English with Lingualeo,0.027033730158730156,40
English-Myanmar Dictionary,0.37383775252525253,40
Entel,0.0181126893939394,40
Enterprise Rent-A-Car,0.24928622534872535,40
Episode - Choose Your Story,0.07135446610818634,180
Epocrates Plus,0.299594696969697,40
Equestria Girls,0.04052274911503427,80
Essential Anatomy 3,0.22551630328583452,80
Essential Resources,0.2814196231286075,40
Etsy: Handmade & Vintage Goods,0.2978460648148148,80
Etta Homes,0.33600694444444446,40
Eurosport,0.046592329545454544,40
"Eve Period Tracker - Love, Sex & Relationships App",0.32827386025432903,40
"Even - organize your money, get paid early",0.099375,40
Events High - Meet Your City!,0,40
Ever After High‚Ñ¢ Charmed Style,0,40
Everlance: Free Mileage Log,0,40
"Evernote ‚Äì Organizer, Planner for Notes & Memos",0.05465865555041988,120
Evie Launcher,0.2223425857032628,40
ExDialer - Dialer & Contacts,0.19673077905890407,40
"Expedia Hotels, Flights & Car Rental Travel Deals",0.0743937251984127,160
Expense IQ Money Manager,0.1763172968524531,40
Experian - Free Credit Report,0.09804001322751323,40
Extreme Car Driving Simulator,-0.0036805555555555563,40
Extreme Coupon Finder,0.008308325066137566,120
Extreme Match,0.16335022095959595,100
Extreme Racing 2 - Real driving RC cars game!,0.02130059523809524,40
EyeCloud,0.11424909060846561,40
EyeEm - Camera & Photo Filter,0.31271048916361416,40
EzCalculator,0.35888147095959594,40
FBReader: Favorite Book Reader,0.27076219093406595,40
FERZU - Furries Social Network,0.07981868909447035,40
"FIFA - Tournaments, Soccer News & Live Scores",0.06655176767676768,80
FINAL FANTASY BRAVE EXVIUS,0.06727471123165958,40
FOSSIL Q: DESIGN YOUR DIAL,0.2397669880624426,33
FOX,0.2086344246031746,80
FOX NOW - On Demand & Live TV,0.04408271661529195,120
"FOX Sports: Live Streaming, Scores & News",0.1292182239057239,80
FP Notebook,0,40
FREE LIVE TALK,0,40
FREE Stock Market Trading Tips,0,40
FREEDOME VPN Unlimited anonymous Wifi Security,0.08625,40
"FUN Keyboard ‚Äì Emoji Keyboard, Sticker,Theme & GIF",0.077025,40
"Fabulous: Motivate Me! Meditate, Relax, Sleep",0.09599797104763623,80
"Face Filter, Selfie Editor - Sweet Camera",0.08256944444444445,40
Facebook,-0.006602736194902317,140
Facebook Ads Manager,0.17797546897546898,40
Facebook Lite,-7.185386228355001e-4,40
Facebook Local,0.11693648609420093,40
Facebook Pages Manager,-0.051920319264069266,40
Facetune - Ad Free,0.1512211979488765,120
Fair: A New Way To Own A Car,0,100
Fake Call - Fake Caller ID,0.19952209595959597,100
Fallout Shelter,0.13618571905865104,40
Family Album Mitene: Private Photo & Video Sharing,0.4217728944955508,40
Family Dollar,0.21714514565295814,40
Family GPS Tracker and Chat + Baby Monitor Online,0.38612748015873016,40
Family GPS tracker KidControl + GPS by SMS Locator,0.16896247726521166,40
Family Locator - GPS Tracker,0.29454403945921803,140
FamilySearch Tree,0.15699437267015393,40
FanDuel: Daily Fantasy Sports,0.07894796176046176,40
Fancy,0,120
Fancy Widgets,0.08568540581292206,40
Fandango Movies - Times + Tickets,0.11764655805504019,80
Fantasy Football,0.053975795905483404,80
Fantasy Football & NFL News,0.3580549843674844,40
Fantasy Football Manager (FPL),0.2548903318903319,40
Farm Fruit Pop: Party Time,0.12789648437499998,40
Farm Heroes Saga,-0.005905265930407978,220
FarmersOnly Dating,0,40
Farming Simulator 14,0.012352183479136605,80
Farming Simulator 18,0.0628554540945166,40
Fashion in Vogue,0.052098327020202014,120
Fast News,0.3376458333333333,40
Fast Scanner : Free PDF Scan,0.28958342352092353,80
Fast Secure VPN,0.15895135055916307,80
"FastMeet: Chat, Dating, Love",0.32266256313131314,80
Fat Burning Workout - Home Weight lose,0.15774210858585858,40
Fate/Grand Order (English),0.0304404653506216,40
Faustop Sounds,0,40
Feed Baby - Baby Tracker,0,40
Fertility Friend Ovulation App,0,40
Fever,0,40
FidMe Loyalty Cards & Deals at Grocery Supermarket,0.06057359307359307,40
File Browser by Astro (File Manager),0.03359753787878788,40
File Explorer,0.14926011904761904,40
File Manager,0.017004024621212123,40
File Manager -- Take Command of Your Files Easily,0.11805555555555555,40
Files Go by Google: Free up space on your phone,0.11107998136123136,40
FilterGrid - Cam&Photo Editor,0.08105995220057721,40
Filters for B Live,0.12601325757575757,40
Filters for Selfie,0.06244583333333333,100
Final Fantasy XV: A New Empire,-0.01882182334437093,40
Financial Times,0.13847984307359307,40
Find Dining Restaurant Finder,0.059406887755102035,40
Find Real Love ‚Äî YouLove Premium Dating,0,80
Find a Way: Addictive Puzzle,0.020889070015632515,100
Find&Save - Local Shopping,0.07049390487853834,40
FindShip,0.08538162878787879,40
Firefox Browser fast & private,0.08536006471682879,80
Firefox Focus: The privacy browser,0.16739887152777777,80
Fishdom,0.04066848035762011,180
Fitbit,0.036833198051948055,40
Fitbit Coach,0,80
Flashlight,0.17736253720238096,80
Flashlight & LED Torch,0.15608333333333332,40
Flashlight - Torch LED Light,0.3033938492063492,40
Flashlight HD LED,0.32784789862914865,40
Flickr,0.14194599266474267,80
Flight & Hotel Booking App - ixigo,0.2813452380952381,40
Flightradar24 Flight Tracker,0.15729978354978355,40
Flights,0.0913673566017316,40
Flip the Gun - Simulator Game,-0.00545549242424243,40
FlipaClip - Cartoon animation,0.041264880952380956,40
Flipboard: News For Our Time,0.041802041997354496,120
Flipkart Online Shopping App,0.2040684523809524,40
Flipp - Weekly Shopping,0.2508458603896104,40
Flippy Campus - Buy & sell on campus at a discount,0.335991341991342,40
FlirtChat - ‚ô•Free Dating/Flirting App‚ô•,0.3683685064935065,80
Floor Plan Creator,0.24476931517556516,40
Flow Free,0.04953803896536312,220
Flowers Live Wallpaper,0.16927272727272727,40
Fly Delta,0.12713647959183674,80
FollowMyHealth¬Æ,0.1799562875435511,40
Font Studio- Photo Texts Image,0.06924032738095239,40
Food Calorie Calculator,0.08732358523119392,46
Food Network,0.025164936192279944,80
Fooducate Healthy Weight Loss & Calorie Counter,0.3276506541063395,40
"Foot Mercato : transferts, r√©sultats, news, live",0.3254736111111111,40
Football Live Scores,0.3442720057720058,40
ForecaWeather,0.3428614267676768,40
Fortune City - A Finance App,0.12814376803751804,100
FotMob - Live Soccer Scores,0,80
Fotor Photo Editor - Photo Collage & Photo Effects,0,40
Four In A Line,0.1676577419108669,100
Four In A Line Free,0.1365984126984127,40
Foursquare City Guide,0.14019507575757575,40
Foursquare Swarm: Check In,-0.04519638347763348,40
Fox Business,0.07550272990897991,40
"Fox News ‚Äì Breaking News, Live Video & News Alerts",0.019112376470331014,120
Fraction Calculator Plus Free,0.2887967171717172,40
Free & Premium VPN - FinchVPN,0.06747734377542883,100
Free Book Reader,0,40
Free Books - Spirit Fanfiction and Stories,0,40
Free Dating & Flirt Chat - Choice of Love,0.014422348484848482,80
Free Dating App & Flirt Chat - Cheers,0.24154103535353535,40
Free Dating App & Flirt Chat - Match with Singles,0.28025,40
Free Dating App - Meet Local Singles - Flirt Chat,-0.04214788510101009,80
"Free Dating App - YoCutie - Flirt, Chat & Meet",0.08690419823232323,80
Free Dating Hook Up Messenger,0.11783076226490394,80
Free Foreclosure Real Estate Search by USHUD.com,-0.035489739312065983,40
Free Hypnosis,0.10342308860930735,40
Free Live Talk-Video Call,-0.0025,40
Free Meditation - Take a Break,0,40
"Free Messages, Video, Chat,Text for Messenger Plus",0,40
Free Panda Radio Music,0.0375,40
Free Sports TV,0.11294004329004328,40
"Free TV Shows App:News, TV Series, Episode, Movies",0.25118867243867243,40
Free VIN Report for Used Cars,0.27000290404040406,40
Free live weather on screen,0.37454568001443,40
"Free phone calls, free texting SMS on free number",0.20664378156565658,40
FreePrints ‚Äì Free Photos Delivered,0.4015629967833093,40
Freeletics: Personal Trainer & Fitness Workouts,0.21940054563492065,40
Freeme Launcher‚ÄîStylish Theme,0.2786875,40
Fresh EBT - Food Stamp Balance,0.13576829455266956,40
FreshBooks Classic,0.09676002172430744,80
Frontback - Social Photos,0.18638683712121212,40
Frozen Free Fall,0.04507927489177489,80
Fruit Block - Puzzle Legend,-0.004583333333333333,40
Fruit Boom,0,40
Fruit Cube Blast,0,40
Fruit Ninja¬Æ,0.04798630952380952,100
Fruits Bomb,0.1158610347985348,140
Fuelio: Gas log & costs,0.38796108405483404,100
Full Screen Caller ID,0.2678214962121212,40
Fun Kid Racing,0.2225340909090909,40
Fun Kid Racing - Motocross,0.1430965909090909,40
Funny Alarm Clock Ringtones,0.07315693204365079,40
Funny Pics,0.057631020021645024,40
Funny Quotes Free,0,40
Funny Ringtones,0,40
Futbol24,0,40
Fuzzy Seasons: Animal Forest,0.05912662901334776,40
G Cloud Backup,0.2060391865079365,40
GANMA! - „Ç™„É™„Ç∏„Éä„É´Êº´Áîª„ÅåÂÖ®Ë©±ÁÑ°Êñô„ÅßË™≠„ÅøÊîæÈ°å,0.2260446047008547,40
"GCash - Buy Load, Pay Bills, Send Money",0.022343013702876984,40
GMAT Math Flashcards,0.3714623974116162,40
GMAT Question Bank,0.22856493506493505,40
GMX Mail,0.2550353084415584,40
"GO Keyboard - Cute Emojis, Themes and GIFs",0.162328125,40
"GO Keyboard - Emoticon keyboard, Free Theme, GIF",0.25363834776334776,40
GO Notifier,0.05739165088383839,40
"GO SMS Pro - Messenger, Free Themes, Emoji",0.13161737914862914,40
"GO Weather - Widget, Theme, Wallpaper, Efficient",0.18337001502187047,40
GPS Map Free,0.017499999999999998,40
GPS Navigation & Offline Maps Sygic,0,40
GPS Speedometer - Trip Meter - Altimeter,0,40
GPS Speedometer and Odometer,0.06875,40
"GPS Speedometer, Distance Meter",0.29511607142857144,40
GPS Status & Toolbox,0.3483144841269841,40
GPS Traffic Speedcam Route Planner by ViaMichelin,0.24523009431045145,40
GRE Flashcards,0.23584975874819625,40
GRE Prep & Practice by Magoosh,0.3492141414141414,40
GRE Tutor,0.39847727272727274,40
GS SHOP,0.22722222222222221,40
GUNSHIP BATTLE: Helicopter 3D,0.01889203026390875,40
Galactic Core Free Wallpaper,0.2228108112951863,40
Galaxy Attack: Alien Shooter,0.05753792565459232,180
Galaxy Gift,0,40
Galaxy Live Wallpaper,0,40
Game for KIDS: KIDS match'em,0,40
Game of Thrones: Conquest‚Ñ¢,0.04475,40
"Gametime - Tickets to Sports, Concerts, Theater",0.35125958994708995,40
Garden Coloring Book,0.24163460497835498,100
Garden Fruit Legend,0.23671875,40
Garden Photo Frames - Garden Photo Editor,0.34213675213675215,39
Gardenscapes,0.018605881071211527,140
Garena Free Fire,0.06582102934013992,240
Garmin Connect‚Ñ¢,0.15480992965367965,40
GasBuddy: Find Cheap Gas,0.2726742875180375,40
Gay Sugar Daddy Dating & Hookup ‚Äì Sudy Gay,0.19584664351851852,80
Gboard - the Google Keyboard,0.06135718982984608,80
Gems or jewels ?,0.1367029953553391,40
Genius Scan - PDF Scanner,0.039513609871031745,80
Geo Tracker - GPS tracker,0,40
Geocaching¬Æ,0,40
Geometry Dash World,0,40
Ghostery Privacy Browser,0,40
GialloZafferano: le Ricette,0,40
Girls Hairstyles,0,80
Girls Live Chat - Free Text & Video Chat,0,58
Girls Online Talk - Free Text and Video Chat,0,40
Girls' Frontline,0,40
Girly Lock Screen Wallpaper with Quotes,0,40
Girly Wallpapers Backgrounds,0,40
Glam - Premium Dating App,0,40
GlassesOff,0,40
Glide - Video Chat Messenger,0,80
Glow Hockey,0,40
Glowing Flowers Live Wallpaper,0,40
Gmail,0.05710648148148148,80
GoBank,0.03812330768688527,40
GoPro (formerly Capture),-0.007595792909967018,40
Goal Live Scores,0.17692905844155843,40
Goibibo - Flight Hotel Bus Car IRCTC Booking App,0.3920938552188552,40
Goku Wallpaper Art,0.4062797619047619,40
Gold Butterfly Keyboard Theme,0.4200522806186869,40
Golden Dictionary (EN-AR),0.3149166666666667,40
Golden Launcher,0.4817253787878788,40
Goldstar: Live Event Tickets,0.5492664141414142,40
Golf Channel,-0.025728535353535354,40
Golf GPS Rangefinder: Golf Pad,0.26581694925444926,40
Golf GPS by SwingxSwing,0.20467855061605061,40
GolfLogix GPS + Putt Breaks,-0.07647124894781145,40
"GolfNow: Tee Time Deals at Golf Courses, Golf GPS",0.1598852752968964,40
Golfshot Plus: Golf GPS,0.3861793695887446,40
Golfshot: Golf GPS + Tee Times,0.34424886363636364,80
GoodRx Drug Prices and Coupons,0.2335357142857143,40
Google,0.24734149531024532,40
Google Ads,0.12596880341880343,80
Google Allo,0,80
Google Analytics,0,80
Google Assistant,0,40
Google Assistant Go,0,67
Google Calendar,0,120
Google Chrome: Fast & Secure,0,80
Google Classroom,0,120
Google Docs,0,80
Google Drive,0,120
Google Duo - High Quality Video Calls,0.12856041666666668,40
Google Earth,0.09015695217480932,40
Google Fit - Fitness Tracking,0.1300530303030303,40
Google Handwriting Input,0.24140277777777777,40
Google Keep,0.10001687003472719,120
Google My Business,0.26172537878787877,120
Google News,0.09156882172060743,120
Google PDF Viewer,0.10041042117604619,80
Google Pay,0.11279529894708466,120
Google Photos,0.1280651403461126,220
Google Play Books,0,40
Google Play Games,0,40
Google Play Movies & TV,0,40
Google Primer,0.0375,40
Google Sheets,0,40
Google Slides,0.02333333333333333,40
Google Street View,-0.024999999999999998,80
Google Translate,0.0033727034120734907,127
Google Trips - Travel Planner,0.0075,40
Google Voice,0.015247928503787879,80
Google+,0.01840277777777778,40
Granny,0.008518507966165925,220
Graphing Calculator,0.24275694444444446,80
Grim Soul: Dark Fantasy Survival,0.04707551581039811,40
Groovebook Photo Books & Gifts,0.1598235666741444,40
GroupMe,0.11547903984036796,40
"Groupon - Shop Deals, Discounts & Coupons",0.285940735479798,120
Grubhub: Food Delivery,0.11660236291486291,80
Guns of Glory,-0.14206042568542568,40
Gyft - Mobile Gift Card Wallet,-0.03364355250839038,120
H Pack,0.10824242424242424,40
H TV,0.2945625,40
H&M,0.02263748471821388,40
HBO GO: Stream with TV Package,-0.03478294482512057,40
HBO NOW: Stream TV & Movies,0,120
HD Camera,0,40
HD Camera - Best Cam with filters & panorama,0.06701388888888889,40
HD Camera - Quick Snap Photo & Video,0.19366666666666665,40
HD Camera Pro for Android,0.032656250000000005,40
HD Camera Ultra,0.06961440091819557,40
HD Camera for Android,0.2445244140625,80
HD Movie Video Player,0.14416188141923436,40
HD Video Player,0.18809375,40
HD Widgets,0.14090882227891158,40
HDFC Bank MobileBanking,0.09751758658008658,40
HESI A2 Pocket Prep,0.28436011904761904,40
HISTORY: Watch TV Show Full Episodes & Specials,0.10740004301479546,120
HOTEL DEALS,0,40
"HSL - Tickets, route planner and information",0,40
HTC Calendar,-0.0028219696969696987,40
HTC File Manager,0.04669823232323232,40
HTC Gallery,0.022080796807359304,40
HTC Help,0.10687021254208753,40
HTC Lock Screen,0.030700983044733048,40
HTC Mail,0.07874792828699079,40
HTC Sense Input,0.02466815476190476,40
HTC Sense Input-AR,0.2875963541666667,40
HTC Service Ôºç DLNA,0.01699944291819292,40
HTC Service‚ÄîVideo Player,0.03149886899667174,40
HTC Social Plugin - Facebook,-0.05041234043666295,40
HTC Speak,0.004003077651515152,40
HTC Weather,0.06424358908913352,40
Hacker's Keyboard,0.26137154546438207,40
Hairstyles step by step,0.38143958333333333,100
Hamilton ‚Äî The Official App,0.14494250863224079,40
Hangouts,0.13032445211038962,220
Hangouts Dialer - Call Phones,0,40
Happify,0.02188967803030303,40
Happy Birthday Songs Offline,0.155,40
Happy Fruits Bomb - Cube Blast,0.014951749639249633,40
Happy Street,0.029473849826388888,40
Harkins Theatres,0.04875443557364944,40
Harry Potter: Hogwarts Mystery,0.038853364168464855,80
HauteLook,0.1419702380952381,40
Hay Day,0.011939132731303783,100
Haystack TV: Local & World News - Free,0.09928125,80
Headspace: Meditation & Mindfulness,0.031213541666666664,80
Health and Nutrition Guide,0.31320861678004536,140
HealtheLife,0.0632123015873016,40
Healthy Recipes Free,0.39330906385281383,40
Helix Jump,0.09069558703544872,300
Hello Kitty Lunchbox,-0.04481062860750361,40
Hello Kitty Nail Salon,0.04667657227032227,80
Hello Stars,0.1127813492063492,100
"HelloTalk ‚Äî Chat, Speak & Learn Foreign Languages",0.007587239583333333,80
Hemnet,0,40
Henry Danger Crime Warp,0,40
Hero Hunters,-0.016250391752344877,40
"Herpes Dating: 1,000K+ Singles",0.13928664353999176,40
Herpes Positive Singles Dating,0.21465516774891777,40
"Hide App, Private Dating, Safe Chat - PrivacyHider",-0.04613636363636364,80
"Hide Something - Photo, Video",0.18053267609126983,40
Hideman VPN,0.0942763949013949,40
High Blood Pressure Symptoms,0.38806857638888886,40
High-Powered Flashlight,0.2881137028769841,40
"High-Speed Camera (GIF,Burst)",0.23520833333333332,40
Hill Climb Racing,0.018199830001976766,220
Hill Climb Racing 2,0.129712613928147,80
"Hily: Dating, Chat, Match, Meet & Hook up",0.028711805555555553,120
Hinge: Dating & Relationships,0.13523896705146704,80
HipChat - Chat Built for Teams,-0.031207998350855495,80
Hipmunk Hotels & Flights,0.4780138888888889,40
Hitwe - meet people and chat,-0.03137760416666666,40
Hiya - Caller ID & Block,0,40
"Hola Launcher- Theme,Wallpaper",0,40
"Hole19: Golf GPS App, Rangefinder & Scorecard",0.1053640873015873,80
Home Decor Showpiece Art making: Medium Difficulty,0.11991666666666667,40
Home Scouting¬Æ MLS Mobile,0.0727486471861472,40
Home Security Camera WardenCam - reuse old phones,0.13094728535353536,40
Home Street ‚Äì Home Design Game,0.06631528186716606,100
Home Workout - No Equipment,0.2199287067099567,40
Home Workout for Men - Bodybuilding,0.3402421875,40
"Home workouts - fat burning, abs, legs, arms,chest",0.08964409722222222,40
HomeAway Vacation Rentals,0,40
HomeWork,0.025,40
"Homes.com üè† For Sale, Rent",0.12514204545454546,40
Homescapes,0.02486421851095764,80
Homesnap Real Estate & Rentals,0.24224200148809524,40
Homestyler Interior Design & Decorating Ideas,0.1492859587909958,40
Homework Planner,0.25670934230699854,40
Honkai Impact 3rd,0.09640883120444903,80
Hopper - Watch & Book Flights,0.1691419993193161,80
Horoscopes ‚Äì Daily Zodiac Horoscope and Astrology,0.23127550054112556,40
Horses Live Wallpaper,0.28500338203463205,40
Hostelworld: Hostels & Cheap Hotels Travel App,0.20590251365697795,80
Hot Wheels: Race Off,-0.002209724476911978,80
Hot or Not - Find someone right now,0,80
HotelTonight: Book amazing deals at great hotels,0.2320629078483245,180
Hotels Combined - Cheap deals,0.14470684523809524,40
Hotels.com: Book Hotel Rooms & Find Vacation Deals,0.08637887565063905,80
Hotspot Shield Free VPN Proxy & Wi-Fi Security,0.214,40
Hotstar,0.0305422609384663,40
Hotwire Hotel & Car Rental App,0.1542992931547619,40
Housing-Real Estate & Property,-0.011249165764790762,40
Houzz Interior Design Ideas,0,59
